<?xml version="1.0" encoding="UTF-8"?>
<!DOCTYPE AND SYSTEM "E:\AWF\Upload10\2543\upload.dtd">
<AWD>
	<TASK><![CDATA[
	   
		<createInstences xmlns="https://www.dsttechnologies.com/awd/rest/v1">
			<createInstence>
				<LOCK></LOCK>
				<businessAreaName>POWERSPORT</businessAreaName>
				<typeName>PWRSTFORM</typeName>
				<statusName>VERIFIED</statusName>
				<fieldValues>
					<filedValue name="AGNO">
						<value>69871</value>
					</filedValue>
					<filedValue name="LNAM">
						<value></value>
					</filedValue>
					<filedValue name="STTE">
						<value>37</value>
					</filedValue>
					<filedValue name="PRFX">
						<value>MSN</value>
					</filedValue>
					<filedValue name="PNUM">
						<value>0079019551</value>
					</filedValue>
					<filedValue name="SRCE">
						<value>FFR_Docvault</value>
					</filedValue>
				</fieldValues>
				<createRelationships>
					<createRelationshipIds>DocVault.txt</createRelationshipIds>
				</createRelationships>
			</createInstence>
			<createSourceInstance relationshipID="DocVault.txt">
				<businessAreaName>POWERSPORT</businessAreaName>
				<typeName>IMAGE</typeName>
				<fieldValues>
					<filedValue name="GUID">
						<value>{EB0BE3D72-0100-C3D0-B4C7-80E570B13B65}</value>
					</filedValue>
				</fieldValues>
			</createSourceInstance>
		</createInstences>
		]]>
	</TASK>
</AWD>
